,Alpha,Alpha_d,Delta,Delta_d,deltaT,vx,vy,vz,x,y,z
0,2.498373402967396,143.1462516377691,0.15188628693725875,8.702443207417934,0.0,-6961152.156575987,-255108.77863918664,3707491.7349453587,-6961152.156575987,-255108.77863918664,3707491.7349453587
1,2.752703990657219,157.71832091347784,-0.03678190456581373,-2.1074478940740997,100.73598120000608,-7115215.941770891,-803827.1755730119,3285322.126892808,-7115215.941770891,-803827.1755730119,3285322.126892808
2,3.0190468892848403,172.97864490812128,-0.2521858363554559,-14.44918407614446,202.64900040000666,-7211310.428836798,-1352183.4308789656,2830641.997425046,-7211310.428836798,-1352183.4308789656,2830641.997425046
3,3.2306374754983045,185.10189248285175,-0.41467031261775367,-23.758858802367733,285.70699800000625,-7244362.454540421,-1790803.5368296579,2442126.695562845,-7244362.454540421,-1790803.5368296579,2442126.695562845
4,3.7107861642643543,212.61238588788692,-0.7011279535040787,-40.17167263442833,500.27699880000114,-7139355.208478387,-2870854.661701806,1379837.6334175873,-7139355.208478387,-2870854.661701806,1379837.6334175873
5,3.90489458774018,223.73397932098985,-0.7824282779806282,-44.82983809997876,603.8899992000097,-6990509.37080181,-3355574.5022785757,845452.7738885839,-6990509.37080181,-3355574.5022785757,845452.7738885839
